{"numFailedTestSuites":0,"numFailedTests":0,"numPassedTestSuites":1,"numPassedTests":14,"numPendingTestSuites":0,"numPendingTests":0,"numRuntimeErrorTestSuites":0,"numTodoTests":0,"numTotalTestSuites":1,"numTotalTests":14,"openHandles":[],"snapshot":{"added":0,"didUpdate":false,"failure":false,"filesAdded":0,"filesRemoved":0,"filesRemovedList":[],"filesUnmatched":0,"filesUpdated":0,"matched":0,"total":0,"unchecked":0,"uncheckedKeysByFile":[],"unmatched":0,"updated":0},"startTime":1719637696211,"success":true,"testResults":[{"assertionResults":[{"ancestorTitles":[],"duration":8,"failureDetails":[],"failureMessages":[],"fullName":"[1] 4 Haber componenti eklendi","invocations":1,"location":null,"numPassingAsserts":1,"retryReasons":[],"status":"passed","title":"[1] 4 Haber componenti eklendi"},{"ancestorTitles":[],"duration":3,"failureDetails":[],"failureMessages":[],"fullName":"[2] Haber componentleri başlıkları eklendi","invocations":1,"location":null,"numPassingAsserts":4,"retryReasons":[],"status":"passed","title":"[2] Haber componentleri başlıkları eklendi"},{"ancestorTitles":[],"duration":3,"failureDetails":[],"failureMessages":[],"fullName":"[3] Haber componentleri tarihleri eklendi","invocations":1,"location":null,"numPassingAsserts":4,"retryReasons":[],"status":"passed","title":"[3] Haber componentleri tarihleri eklendi"},{"ancestorTitles":[],"duration":3,"failureDetails":[],"failureMessages":[],"fullName":"[4] 1. Haber componenti paragrafları eklendi","invocations":1,"location":null,"numPassingAsserts":4,"retryReasons":[],"status":"passed","title":"[4] 1. Haber componenti paragrafları eklendi"},{"ancestorTitles":[],"duration":5,"failureDetails":[],"failureMessages":[],"fullName":"[5] 2. Haber componenti paragrafları eklendi","invocations":1,"location":null,"numPassingAsserts":4,"retryReasons":[],"status":"passed","title":"[5] 2. Haber componenti paragrafları eklendi"},{"ancestorTitles":[],"duration":2,"failureDetails":[],"failureMessages":[],"fullName":"[6] 3. Haber componenti paragrafları eklendi","invocations":1,"location":null,"numPassingAsserts":4,"retryReasons":[],"status":"passed","title":"[6] 3. Haber componenti paragrafları eklendi"},{"ancestorTitles":[],"duration":1,"failureDetails":[],"failureMessages":[],"fullName":"[7] 4. Haber componenti paragrafları eklendi","invocations":1,"location":null,"numPassingAsserts":4,"retryReasons":[],"status":"passed","title":"[7] 4. Haber componenti paragrafları eklendi"},{"ancestorTitles":[],"duration":1,"failureDetails":[],"failureMessages":[],"fullName":"[8] Haber componentlerine expandButton eklendi","invocations":1,"location":null,"numPassingAsserts":1,"retryReasons":[],"status":"passed","title":"[8] Haber componentlerine expandButton eklendi"},{"ancestorTitles":[],"duration":3,"failureDetails":[],"failureMessages":[],"fullName":"[9] Haber componentleri buttonlarına click event handler eklendi","invocations":1,"location":null,"numPassingAsserts":1,"retryReasons":[],"status":"passed","title":"[9] Haber componentleri buttonlarına click event handler eklendi"},{"ancestorTitles":[],"duration":1,"failureDetails":[],"failureMessages":[],"fullName":"[10] Headera div.menu eklendi","invocations":1,"location":null,"numPassingAsserts":1,"retryReasons":[],"status":"passed","title":"[10] Headera div.menu eklendi"},{"ancestorTitles":[],"duration":1,"failureDetails":[],"failureMessages":[],"fullName":"[11] Menü içine UL elemanı eklendi","invocations":1,"location":null,"numPassingAsserts":1,"retryReasons":[],"status":"passed","title":"[11] Menü içine UL elemanı eklendi"},{"ancestorTitles":[],"duration":1,"failureDetails":[],"failureMessages":[],"fullName":"[12] Menü > UL içine 6 tane LI elemanı eklendi","invocations":1,"location":null,"numPassingAsserts":1,"retryReasons":[],"status":"passed","title":"[12] Menü > UL içine 6 tane LI elemanı eklendi"},{"ancestorTitles":[],"duration":2,"failureDetails":[],"failureMessages":[],"fullName":"[13] Menü Elemanları LI içerisine eklendi","invocations":1,"location":null,"numPassingAsserts":6,"retryReasons":[],"status":"passed","title":"[13] Menü Elemanları LI içerisine eklendi"},{"ancestorTitles":[],"duration":1,"failureDetails":[],"failureMessages":[],"fullName":"[14] Menü Button a click event handler eklendi","invocations":1,"location":null,"numPassingAsserts":1,"retryReasons":[],"status":"passed","title":"[14] Menü Button a click event handler eklendi"}],"endTime":1719637699623,"message":"","name":"/home/projects/vitejs-vite-mhp7s3/index.test.js","startTime":1719637696470,"status":"passed","summary":""}],"wasInterrupted":false}
